[{"model": "contenttypes.contenttype", "pk": 1, "fields": {"app_label": "admin", "model": "logentry"}}, {"model": "contenttypes.contenttype", "pk": 2, "fields": {"app_label": "auth", "model": "permission"}}, {"model": "contenttypes.contenttype", "pk": 3, "fields": {"app_label": "auth", "model": "group"}}, {"model": "contenttypes.contenttype", "pk": 4, "fields": {"app_label": "auth", "model": "user"}}, {"model": "contenttypes.contenttype", "pk": 5, "fields": {"app_label": "contenttypes", "model": "contenttype"}}, {"model": "contenttypes.contenttype", "pk": 6, "fields": {"app_label": "sessions", "model": "session"}}, {"model": "contenttypes.contenttype", "pk": 7, "fields": {"app_label": "blog", "model": "blog"}}, {"model": "contenttypes.contenttype", "pk": 8, "fields": {"app_label": "blog", "model": "blogtype"}}, {"model": "contenttypes.contenttype", "pk": 9, "fields": {"app_label": "blog", "model": "readnum"}}, {"model": "contenttypes.contenttype", "pk": 10, "fields": {"app_label": "read_statistic", "model": "readnum"}}, {"model": "contenttypes.contenttype", "pk": 11, "fields": {"app_label": "read_statistic", "model": "readdetail"}}, {"model": "contenttypes.contenttype", "pk": 12, "fields": {"app_label": "comment", "model": "comment"}}, {"model": "contenttypes.contenttype", "pk": 13, "fields": {"app_label": "likes", "model": "likecount"}}, {"model": "contenttypes.contenttype", "pk": 14, "fields": {"app_label": "likes", "model": "likerecord"}}, {"model": "contenttypes.contenttype", "pk": 15, "fields": {"app_label": "blooger", "model": "profile"}}, {"model": "sessions.session", "pk": "1b7hxvvh118mzlem7wlq98mdx5cl37tb", "fields": {"session_data": "ZmY4ZjcxY2VkOTJjOGY2ZWY3OTdkNTk2YjYyZjJiN2I4YTIwY2IwZDp7Il9hdXRoX3VzZXJfaWQiOiIxIiwiX2F1dGhfdXNlcl9iYWNrZW5kIjoiZGphbmdvLmNvbnRyaWIuYXV0aC5iYWNrZW5kcy5Nb2RlbEJhY2tlbmQiLCJfYXV0aF91c2VyX2hhc2giOiI3YWUzMjMzMTYyNDNmZDk3ZTY4NjliYmU0YjkyNjJjMzViYjczODcxIn0=", "expire_date": "2019-06-23T13:22:44.522Z"}}, {"model": "sessions.session", "pk": "2n2yws5m3rlj1cvaz4hemlj8ekktet89", "fields": {"session_data": "MDcxNGIyMGExZWJkYzc2ZTgzMThiZjhiNjlkNzRjZTAxYzI0NWI4MTp7fQ==", "expire_date": "2019-06-22T08:39:22.621Z"}}, {"model": "sessions.session", "pk": "3fqwlyv0zxr9qtnct42nw9in54dxcqej", "fields": {"session_data": "MDI1ZjM2ZTk5YzhkOTdlYzM5MzZlYWE2MTg3OWJkNTlkYWFkYzQ0NDp7InNlbmRfY29kZV90aW1lIjoxNTYwMTQ1ODg1LCJfYXV0aF91c2VyX2lkIjoiMSIsIl9hdXRoX3VzZXJfYmFja2VuZCI6ImRqYW5nby5jb250cmliLmF1dGguYmFja2VuZHMuTW9kZWxCYWNrZW5kIiwiX2F1dGhfdXNlcl9oYXNoIjoiYTRlNTRhODRlNmRmODU2MWFkNTU4MzQyMmNhZTI0Yjk3MjI3MDcyOCJ9", "expire_date": "2019-06-24T05:51:50.572Z"}}, {"model": "sessions.session", "pk": "3kfa2uieeiwticki3kuic6zwfn4m7hfz", "fields": {"session_data": "MDcxNGIyMGExZWJkYzc2ZTgzMThiZjhiNjlkNzRjZTAxYzI0NWI4MTp7fQ==", "expire_date": "2019-06-18T03:35:03.701Z"}}, {"model": "sessions.session", "pk": "755472p3cgqxc6uvpod5b9flxo0vuz9e", "fields": {"session_data": "MDcxNGIyMGExZWJkYzc2ZTgzMThiZjhiNjlkNzRjZTAxYzI0NWI4MTp7fQ==", "expire_date": "2019-06-23T01:55:23.817Z"}}, {"model": "sessions.session", "pk": "c2c2fcerrrssub5mn8iy0qw5yfa8i035", "fields": {"session_data": "MDcxNGIyMGExZWJkYzc2ZTgzMThiZjhiNjlkNzRjZTAxYzI0NWI4MTp7fQ==", "expire_date": "2019-06-23T01:53:28.522Z"}}, {"model": "sessions.session", "pk": "d7ukybqaznwlkvagl09lwe6qiqwylez7", "fields": {"session_data": "ZjA3ZDRjNmE3N2RkZGNjOGJiMDRmYzhjYmIyZmRkMGRkM2VkNmNjMTp7Il9hdXRoX3VzZXJfaWQiOiI4IiwiX2F1dGhfdXNlcl9iYWNrZW5kIjoiZGphbmdvLmNvbnRyaWIuYXV0aC5iYWNrZW5kcy5Nb2RlbEJhY2tlbmQiLCJfYXV0aF91c2VyX2hhc2giOiIzZmM2ODYyMDBkMzkxODkyNTc5YTYwOGFmZGQ1YTg0NGU1YjllMzhiIn0=", "expire_date": "2019-06-24T06:23:50.379Z"}}, {"model": "sessions.session", "pk": "fqtjsxvfuh4ps8dg8smhs2d26w6hcaaw", "fields": {"session_data": "ZmY4ZjcxY2VkOTJjOGY2ZWY3OTdkNTk2YjYyZjJiN2I4YTIwY2IwZDp7Il9hdXRoX3VzZXJfaWQiOiIxIiwiX2F1dGhfdXNlcl9iYWNrZW5kIjoiZGphbmdvLmNvbnRyaWIuYXV0aC5iYWNrZW5kcy5Nb2RlbEJhY2tlbmQiLCJfYXV0aF91c2VyX2hhc2giOiI3YWUzMjMzMTYyNDNmZDk3ZTY4NjliYmU0YjkyNjJjMzViYjczODcxIn0=", "expire_date": "2019-06-24T01:30:51.430Z"}}, {"model": "sessions.session", "pk": "jh7896e3q7bljkn8ro9kbr63ls3okraj", "fields": {"session_data": "MDcxNGIyMGExZWJkYzc2ZTgzMThiZjhiNjlkNzRjZTAxYzI0NWI4MTp7fQ==", "expire_date": "2019-06-22T08:38:19.874Z"}}, {"model": "sessions.session", "pk": "ju8z2vckpny85w7z9p9my5yqjn7kvcoo", "fields": {"session_data": "MDcxNGIyMGExZWJkYzc2ZTgzMThiZjhiNjlkNzRjZTAxYzI0NWI4MTp7fQ==", "expire_date": "2019-06-23T01:51:53.504Z"}}, {"model": "sessions.session", "pk": "mpoksnlk8fqel6xri4k9uczfdvf8kdro", "fields": {"session_data": "MDcxNGIyMGExZWJkYzc2ZTgzMThiZjhiNjlkNzRjZTAxYzI0NWI4MTp7fQ==", "expire_date": "2019-06-23T01:58:22.769Z"}}, {"model": "sessions.session", "pk": "oskcl1pqeogbz14amz8o0nf2makfkcwl", "fields": {"session_data": "ZmY4ZjcxY2VkOTJjOGY2ZWY3OTdkNTk2YjYyZjJiN2I4YTIwY2IwZDp7Il9hdXRoX3VzZXJfaWQiOiIxIiwiX2F1dGhfdXNlcl9iYWNrZW5kIjoiZGphbmdvLmNvbnRyaWIuYXV0aC5iYWNrZW5kcy5Nb2RlbEJhY2tlbmQiLCJfYXV0aF91c2VyX2hhc2giOiI3YWUzMjMzMTYyNDNmZDk3ZTY4NjliYmU0YjkyNjJjMzViYjczODcxIn0=", "expire_date": "2019-06-23T08:50:36.239Z"}}, {"model": "sessions.session", "pk": "t14rzqs4vz11rkz89fxajo0oz4uzyvye", "fields": {"session_data": "ZmY4ZjcxY2VkOTJjOGY2ZWY3OTdkNTk2YjYyZjJiN2I4YTIwY2IwZDp7Il9hdXRoX3VzZXJfaWQiOiIxIiwiX2F1dGhfdXNlcl9iYWNrZW5kIjoiZGphbmdvLmNvbnRyaWIuYXV0aC5iYWNrZW5kcy5Nb2RlbEJhY2tlbmQiLCJfYXV0aF91c2VyX2hhc2giOiI3YWUzMjMzMTYyNDNmZDk3ZTY4NjliYmU0YjkyNjJjMzViYjczODcxIn0=", "expire_date": "2019-05-30T05:48:34.857Z"}}, {"model": "sessions.session", "pk": "trj5lmsnxk3f6wn1k0row8hkcd2kksc5", "fields": {"session_data": "ZjgzODdkODc3OTY0NzA3NGVmZTg5OGI3YjA4ZTcyNmM5NTg1YjE4Njp7Il9hdXRoX3VzZXJfaWQiOiIyIiwiX2F1dGhfdXNlcl9iYWNrZW5kIjoiZGphbmdvLmNvbnRyaWIuYXV0aC5iYWNrZW5kcy5Nb2RlbEJhY2tlbmQiLCJfYXV0aF91c2VyX2hhc2giOiI4ZjY3OTI1Mzk5MGI0ZDM2Y2M2OTk0OWIyMmIzNzk2N2M0MThmOTk3In0=", "expire_date": "2019-06-18T05:52:34.349Z"}}, {"model": "sessions.session", "pk": "ul4rd9rca5v2li77hvxxsgriidt6sd0b", "fields": {"session_data": "MDcxNGIyMGExZWJkYzc2ZTgzMThiZjhiNjlkNzRjZTAxYzI0NWI4MTp7fQ==", "expire_date": "2019-06-18T01:08:39.256Z"}}, {"model": "sessions.session", "pk": "w1q8ca08t4p8hnycklig40ostnm3jgux", "fields": {"session_data": "ZmY4ZjcxY2VkOTJjOGY2ZWY3OTdkNTk2YjYyZjJiN2I4YTIwY2IwZDp7Il9hdXRoX3VzZXJfaWQiOiIxIiwiX2F1dGhfdXNlcl9iYWNrZW5kIjoiZGphbmdvLmNvbnRyaWIuYXV0aC5iYWNrZW5kcy5Nb2RlbEJhY2tlbmQiLCJfYXV0aF91c2VyX2hhc2giOiI3YWUzMjMzMTYyNDNmZDk3ZTY4NjliYmU0YjkyNjJjMzViYjczODcxIn0=", "expire_date": "2019-06-23T08:23:42.140Z"}}, {"model": "sessions.session", "pk": "wnkxn2u5fgc8ob1qe50py8gi5iaituei", "fields": {"session_data": "NTU1ZmE1NzRiZmNlZjUwMDZiODIzNjdhZDI2ODQ4MzQ5NjkyN2VlMjp7Il9hdXRoX3VzZXJfaWQiOiI3IiwiX2F1dGhfdXNlcl9iYWNrZW5kIjoiZGphbmdvLmNvbnRyaWIuYXV0aC5iYWNrZW5kcy5Nb2RlbEJhY2tlbmQiLCJfYXV0aF91c2VyX2hhc2giOiJiNmFjNDY0ZjU3Y2ZiYWYwN2MzYTNjZDA0MTJmNTRmNzc0ZjI5MzQ4IiwiYmluZF9lbWFpbF9jb2RlIjoiOVFzZCJ9", "expire_date": "2019-06-24T02:48:02.390Z"}}, {"model": "blog.blogtype", "pk": 1, "fields": {"type_name": "\u5c0f\u8bf4"}}, {"model": "blog.blogtype", "pk": 2, "fields": {"type_name": "\u6458\u8981"}}, {"model": "likes.likecount", "pk": 1, "fields": {"content_type": 7, "object_id": 35, "like_num": 1}}, {"model": "likes.likecount", "pk": 2, "fields": {"content_type": 7, "object_id": 39, "like_num": 2}}, {"model": "likes.likecount", "pk": 3, "fields": {"content_type": 7, "object_id": 38, "like_num": 0}}, {"model": "likes.likecount", "pk": 4, "fields": {"content_type": 7, "object_id": 37, "like_num": 0}}, {"model": "likes.likecount", "pk": 5, "fields": {"content_type": 7, "object_id": 36, "like_num": 1}}, {"model": "likes.likecount", "pk": 6, "fields": {"content_type": 7, "object_id": 34, "like_num": 3}}, {"model": "likes.likecount", "pk": 7, "fields": {"content_type": 7, "object_id": 40, "like_num": 0}}, {"model": "likes.likecount", "pk": 8, "fields": {"content_type": 7, "object_id": 2, "like_num": 0}}, {"model": "likes.likecount", "pk": 9, "fields": {"content_type": 12, "object_id": 22, "like_num": 1}}, {"model": "likes.likecount", "pk": 10, "fields": {"content_type": 12, "object_id": 21, "like_num": 0}}, {"model": "likes.likecount", "pk": 11, "fields": {"content_type": 12, "object_id": 20, "like_num": 0}}, {"model": "likes.likecount", "pk": 12, "fields": {"content_type": 12, "object_id": 18, "like_num": 0}}, {"model": "likes.likecount", "pk": 13, "fields": {"content_type": 12, "object_id": 2, "like_num": 0}}, {"model": "likes.likecount", "pk": 14, "fields": {"content_type": 12, "object_id": 1, "like_num": 0}}, {"model": "likes.likecount", "pk": 15, "fields": {"content_type": 12, "object_id": 24, "like_num": 0}}, {"model": "likes.likecount", "pk": 16, "fields": {"content_type": 12, "object_id": 23, "like_num": 0}}, {"model": "likes.likecount", "pk": 17, "fields": {"content_type": 12, "object_id": 19, "like_num": 0}}, {"model": "likes.likecount", "pk": 18, "fields": {"content_type": 12, "object_id": 37, "like_num": 1}}, {"model": "likes.likecount", "pk": 19, "fields": {"content_type": 12, "object_id": 38, "like_num": 1}}, {"model": "likes.likecount", "pk": 20, "fields": {"content_type": 12, "object_id": 39, "like_num": 1}}, {"model": "likes.likecount", "pk": 21, "fields": {"content_type": 12, "object_id": 40, "like_num": 1}}, {"model": "likes.likecount", "pk": 22, "fields": {"content_type": 7, "object_id": 22, "like_num": 0}}, {"model": "likes.likecount", "pk": 23, "fields": {"content_type": 12, "object_id": 36, "like_num": 0}}, {"model": "likes.likecount", "pk": 24, "fields": {"content_type": 12, "object_id": 41, "like_num": 0}}, {"model": "likes.likecount", "pk": 25, "fields": {"content_type": 12, "object_id": 43, "like_num": 0}}, {"model": "likes.likecount", "pk": 26, "fields": {"content_type": 12, "object_id": 42, "like_num": 0}}, {"model": "likes.likecount", "pk": 27, "fields": {"content_type": 12, "object_id": 44, "like_num": 0}}, {"model": "likes.likecount", "pk": 28, "fields": {"content_type": 12, "object_id": 45, "like_num": 0}}, {"model": "likes.likecount", "pk": 29, "fields": {"content_type": 12, "object_id": 16, "like_num": 0}}, {"model": "likes.likecount", "pk": 30, "fields": {"content_type": 12, "object_id": 28, "like_num": 0}}, {"model": "likes.likecount", "pk": 31, "fields": {"content_type": 12, "object_id": 27, "like_num": 0}}, {"model": "likes.likecount", "pk": 32, "fields": {"content_type": 12, "object_id": 26, "like_num": 0}}, {"model": "likes.likecount", "pk": 33, "fields": {"content_type": 12, "object_id": 25, "like_num": 0}}, {"model": "likes.likecount", "pk": 34, "fields": {"content_type": 12, "object_id": 47, "like_num": 0}}, {"model": "likes.likecount", "pk": 35, "fields": {"content_type": 12, "object_id": 46, "like_num": 0}}, {"model": "likes.likecount", "pk": 36, "fields": {"content_type": 12, "object_id": 49, "like_num": 0}}, {"model": "likes.likecount", "pk": 37, "fields": {"content_type": 12, "object_id": 50, "like_num": 0}}, {"model": "likes.likecount", "pk": 38, "fields": {"content_type": 12, "object_id": 51, "like_num": 0}}, {"model": "likes.likecount", "pk": 39, "fields": {"content_type": 12, "object_id": 53, "like_num": 0}}, {"model": "likes.likecount", "pk": 40, "fields": {"content_type": 12, "object_id": 52, "like_num": 0}}, {"model": "likes.likecount", "pk": 41, "fields": {"content_type": 12, "object_id": 54, "like_num": 0}}, {"model": "likes.likecount", "pk": 42, "fields": {"content_type": 12, "object_id": 55, "like_num": 0}}, {"model": "likes.likecount", "pk": 43, "fields": {"content_type": 12, "object_id": 58, "like_num": 0}}, {"model": "likes.likecount", "pk": 44, "fields": {"content_type": 12, "object_id": 59, "like_num": 0}}, {"model": "likes.likecount", "pk": 45, "fields": {"content_type": 12, "object_id": 60, "like_num": 0}}, {"model": "likes.likecount", "pk": 46, "fields": {"content_type": 12, "object_id": 61, "like_num": 0}}, {"model": "likes.likecount", "pk": 47, "fields": {"content_type": 7, "object_id": 23, "like_num": 0}}, {"model": "likes.likecount", "pk": 48, "fields": {"content_type": 12, "object_id": 35, "like_num": 0}}, {"model": "likes.likecount", "pk": 49, "fields": {"content_type": 12, "object_id": 63, "like_num": 0}}, {"model": "likes.likecount", "pk": 50, "fields": {"content_type": 12, "object_id": 64, "like_num": 0}}, {"model": "likes.likecount", "pk": 51, "fields": {"content_type": 12, "object_id": 65, "like_num": 0}}, {"model": "likes.likecount", "pk": 52, "fields": {"content_type": 12, "object_id": 66, "like_num": 0}}, {"model": "likes.likecount", "pk": 53, "fields": {"content_type": 12, "object_id": 67, "like_num": 0}}, {"model": "likes.likecount", "pk": 54, "fields": {"content_type": 12, "object_id": 62, "like_num": 0}}, {"model": "likes.likecount", "pk": 55, "fields": {"content_type": 7, "object_id": 21, "like_num": 0}}, {"model": "likes.likecount", "pk": 56, "fields": {"content_type": 12, "object_id": 68, "like_num": 0}}, {"model": "likes.likecount", "pk": 57, "fields": {"content_type": 7, "object_id": 25, "like_num": 0}}, {"model": "likes.likecount", "pk": 58, "fields": {"content_type": 12, "object_id": 31, "like_num": 0}}, {"model": "likes.likecount", "pk": 59, "fields": {"content_type": 12, "object_id": 71, "like_num": 0}}, {"model": "likes.likecount", "pk": 60, "fields": {"content_type": 12, "object_id": 70, "like_num": 0}}, {"model": "read_statistic.readnum", "pk": 1, "fields": {"read_num": 21, "content_type": 7, "object_id": 39}}, {"model": "read_statistic.readnum", "pk": 3, "fields": {"read_num": 2, "content_type": 7, "object_id": 34}}, {"model": "read_statistic.readnum", "pk": 4, "fields": {"read_num": 6, "content_type": 7, "object_id": 36}}, {"model": "read_statistic.readnum", "pk": 5, "fields": {"read_num": 5, "content_type": 7, "object_id": 37}}, {"model": "read_statistic.readnum", "pk": 6, "fields": {"read_num": 2, "content_type": 7, "object_id": 33}}, {"model": "read_statistic.readnum", "pk": 7, "fields": {"read_num": 2, "content_type": 7, "object_id": 31}}, {"model": "read_statistic.readnum", "pk": 8, "fields": {"read_num": 2, "content_type": 7, "object_id": 30}}, {"model": "read_statistic.readnum", "pk": 9, "fields": {"read_num": 1, "content_type": 7, "object_id": 32}}, {"model": "read_statistic.readnum", "pk": 10, "fields": {"read_num": 1, "content_type": 7, "object_id": 27}}, {"model": "read_statistic.readnum", "pk": 11, "fields": {"read_num": 2, "content_type": 7, "object_id": 28}}, {"model": "read_statistic.readnum", "pk": 12, "fields": {"read_num": 2, "content_type": 7, "object_id": 24}}, {"model": "read_statistic.readnum", "pk": 13, "fields": {"read_num": 222, "content_type": 8, "object_id": 39}}, {"model": "read_statistic.readnum", "pk": 14, "fields": {"read_num": 7, "content_type": 7, "object_id": 38}}, {"model": "read_statistic.readnum", "pk": 15, "fields": {"read_num": 5, "content_type": 7, "object_id": 35}}, {"model": "read_statistic.readnum", "pk": 16, "fields": {"read_num": 1, "content_type": 7, "object_id": 8}}, {"model": "read_statistic.readnum", "pk": 17, "fields": {"read_num": 1, "content_type": 7, "object_id": 9}}, {"model": "read_statistic.readnum", "pk": 18, "fields": {"read_num": 1, "content_type": 7, "object_id": 7}}, {"model": "read_statistic.readnum", "pk": 19, "fields": {"read_num": 3, "content_type": 7, "object_id": 29}}, {"model": "read_statistic.readnum", "pk": 20, "fields": {"read_num": 5, "content_type": 7, "object_id": 26}}, {"model": "read_statistic.readnum", "pk": 21, "fields": {"read_num": 6, "content_type": 7, "object_id": 25}}, {"model": "read_statistic.readnum", "pk": 22, "fields": {"read_num": 2, "content_type": 7, "object_id": 21}}, {"model": "read_statistic.readnum", "pk": 23, "fields": {"read_num": 1, "content_type": 7, "object_id": 20}}, {"model": "read_statistic.readnum", "pk": 24, "fields": {"read_num": 7, "content_type": 7, "object_id": 22}}, {"model": "read_statistic.readnum", "pk": 25, "fields": {"read_num": 2, "content_type": 7, "object_id": 3}}, {"model": "read_statistic.readnum", "pk": 26, "fields": {"read_num": 1, "content_type": 7, "object_id": 2}}, {"model": "read_statistic.readnum", "pk": 27, "fields": {"read_num": 2, "content_type": 7, "object_id": 23}}, {"model": "read_statistic.readnum", "pk": 28, "fields": {"read_num": 1, "content_type": 7, "object_id": 40}}, {"model": "read_statistic.readdetail", "pk": 1, "fields": {"date": "2019-06-01", "read_num": 12, "content_type": 7, "object_id": 39}}, {"model": "read_statistic.readdetail", "pk": 2, "fields": {"date": "2019-06-03", "read_num": 1, "content_type": 7, "object_id": 29}}, {"model": "read_statistic.readdetail", "pk": 3, "fields": {"date": "2019-06-03", "read_num": 1, "content_type": 7, "object_id": 26}}, {"model": "read_statistic.readdetail", "pk": 4, "fields": {"date": "2019-06-03", "read_num": 3, "content_type": 7, "object_id": 25}}, {"model": "read_statistic.readdetail", "pk": 5, "fields": {"date": "2019-06-03", "read_num": 1, "content_type": 7, "object_id": 21}}, {"model": "read_statistic.readdetail", "pk": 6, "fields": {"date": "2019-06-03", "read_num": 1, "content_type": 7, "object_id": 20}}, {"model": "read_statistic.readdetail", "pk": 7, "fields": {"date": "2019-06-03", "read_num": 1, "content_type": 7, "object_id": 22}}, {"model": "read_statistic.readdetail", "pk": 8, "fields": {"date": "2019-06-03", "read_num": 1, "content_type": 7, "object_id": 39}}, {"model": "read_statistic.readdetail", "pk": 9, "fields": {"date": "2019-06-02", "read_num": 26, "content_type": 7, "object_id": 2}}, {"model": "read_statistic.readdetail", "pk": 10, "fields": {"date": "2019-06-04", "read_num": 2, "content_type": 7, "object_id": 38}}, {"model": "read_statistic.readdetail", "pk": 11, "fields": {"date": "2019-06-04", "read_num": 1, "content_type": 7, "object_id": 36}}, {"model": "read_statistic.readdetail", "pk": 12, "fields": {"date": "2019-06-04", "read_num": 2, "content_type": 7, "object_id": 35}}, {"model": "read_statistic.readdetail", "pk": 13, "fields": {"date": "2019-06-04", "read_num": 3, "content_type": 7, "object_id": 26}}, {"model": "read_statistic.readdetail", "pk": 14, "fields": {"date": "2019-06-04", "read_num": 1, "content_type": 7, "object_id": 25}}, {"model": "read_statistic.readdetail", "pk": 15, "fields": {"date": "2019-06-04", "read_num": 1, "content_type": 7, "object_id": 39}}, {"model": "read_statistic.readdetail", "pk": 16, "fields": {"date": "2019-06-04", "read_num": 2, "content_type": 7, "object_id": 22}}, {"model": "read_statistic.readdetail", "pk": 17, "fields": {"date": "2019-06-04", "read_num": 2, "content_type": 7, "object_id": 29}}, {"model": "read_statistic.readdetail", "pk": 18, "fields": {"date": "2019-06-04", "read_num": 1, "content_type": 7, "object_id": 30}}, {"model": "read_statistic.readdetail", "pk": 19, "fields": {"date": "2019-06-04", "read_num": 1, "content_type": 7, "object_id": 31}}, {"model": "read_statistic.readdetail", "pk": 20, "fields": {"date": "2019-06-04", "read_num": 1, "content_type": 7, "object_id": 3}}, {"model": "read_statistic.readdetail", "pk": 21, "fields": {"date": "2019-06-04", "read_num": 1, "content_type": 7, "object_id": 28}}, {"model": "read_statistic.readdetail", "pk": 22, "fields": {"date": "2019-06-08", "read_num": 1, "content_type": 7, "object_id": 39}}, {"model": "read_statistic.readdetail", "pk": 23, "fields": {"date": "2019-06-08", "read_num": 1, "content_type": 7, "object_id": 38}}, {"model": "read_statistic.readdetail", "pk": 24, "fields": {"date": "2019-06-09", "read_num": 2, "content_type": 7, "object_id": 39}}, {"model": "read_statistic.readdetail", "pk": 25, "fields": {"date": "2019-06-09", "read_num": 1, "content_type": 7, "object_id": 2}}, {"model": "read_statistic.readdetail", "pk": 26, "fields": {"date": "2019-06-09", "read_num": 1, "content_type": 7, "object_id": 26}}, {"model": "read_statistic.readdetail", "pk": 27, "fields": {"date": "2019-06-09", "read_num": 3, "content_type": 7, "object_id": 22}}, {"model": "read_statistic.readdetail", "pk": 28, "fields": {"date": "2019-06-09", "read_num": 1, "content_type": 7, "object_id": 25}}, {"model": "read_statistic.readdetail", "pk": 29, "fields": {"date": "2019-06-09", "read_num": 2, "content_type": 7, "object_id": 38}}, {"model": "read_statistic.readdetail", "pk": 30, "fields": {"date": "2019-06-09", "read_num": 1, "content_type": 7, "object_id": 3}}, {"model": "read_statistic.readdetail", "pk": 31, "fields": {"date": "2019-06-09", "read_num": 1, "content_type": 7, "object_id": 24}}, {"model": "read_statistic.readdetail", "pk": 32, "fields": {"date": "2019-06-09", "read_num": 1, "content_type": 7, "object_id": 23}}, {"model": "read_statistic.readdetail", "pk": 33, "fields": {"date": "2019-06-09", "read_num": 2, "content_type": 7, "object_id": 37}}, {"model": "read_statistic.readdetail", "pk": 34, "fields": {"date": "2019-06-09", "read_num": 2, "content_type": 7, "object_id": 35}}, {"model": "read_statistic.readdetail", "pk": 35, "fields": {"date": "2019-06-09", "read_num": 1, "content_type": 7, "object_id": 34}}, {"model": "read_statistic.readdetail", "pk": 37, "fields": {"date": "2019-06-09", "read_num": 1, "content_type": 7, "object_id": 36}}, {"model": "read_statistic.readdetail", "pk": 38, "fields": {"date": "2019-06-10", "read_num": 3, "content_type": 7, "object_id": 39}}, {"model": "read_statistic.readdetail", "pk": 39, "fields": {"date": "2019-06-10", "read_num": 1, "content_type": 7, "object_id": 22}}, {"model": "read_statistic.readdetail", "pk": 40, "fields": {"date": "2019-06-10", "read_num": 1, "content_type": 7, "object_id": 23}}, {"model": "read_statistic.readdetail", "pk": 41, "fields": {"date": "2019-06-10", "read_num": 1, "content_type": 7, "object_id": 21}}, {"model": "read_statistic.readdetail", "pk": 42, "fields": {"date": "2019-06-10", "read_num": 1, "content_type": 7, "object_id": 25}}, {"model": "auth.permission", "pk": 1, "fields": {"name": "Can add log entry", "content_type": 1, "codename": "add_logentry"}}, {"model": "auth.permission", "pk": 2, "fields": {"name": "Can change log entry", "content_type": 1, "codename": "change_logentry"}}, {"model": "auth.permission", "pk": 3, "fields": {"name": "Can delete log entry", "content_type": 1, "codename": "delete_logentry"}}, {"model": "auth.permission", "pk": 4, "fields": {"name": "Can view log entry", "content_type": 1, "codename": "view_logentry"}}, {"model": "auth.permission", "pk": 5, "fields": {"name": "Can add permission", "content_type": 2, "codename": "add_permission"}}, {"model": "auth.permission", "pk": 6, "fields": {"name": "Can change permission", "content_type": 2, "codename": "change_permission"}}, {"model": "auth.permission", "pk": 7, "fields": {"name": "Can delete permission", "content_type": 2, "codename": "delete_permission"}}, {"model": "auth.permission", "pk": 8, "fields": {"name": "Can view permission", "content_type": 2, "codename": "view_permission"}}, {"model": "auth.permission", "pk": 9, "fields": {"name": "Can add group", "content_type": 3, "codename": "add_group"}}, {"model": "auth.permission", "pk": 10, "fields": {"name": "Can change group", "content_type": 3, "codename": "change_group"}}, {"model": "auth.permission", "pk": 11, "fields": {"name": "Can delete group", "content_type": 3, "codename": "delete_group"}}, {"model": "auth.permission", "pk": 12, "fields": {"name": "Can view group", "content_type": 3, "codename": "view_group"}}, {"model": "auth.permission", "pk": 13, "fields": {"name": "Can add user", "content_type": 4, "codename": "add_user"}}, {"model": "auth.permission", "pk": 14, "fields": {"name": "Can change user", "content_type": 4, "codename": "change_user"}}, {"model": "auth.permission", "pk": 15, "fields": {"name": "Can delete user", "content_type": 4, "codename": "delete_user"}}, {"model": "auth.permission", "pk": 16, "fields": {"name": "Can view user", "content_type": 4, "codename": "view_user"}}, {"model": "auth.permission", "pk": 17, "fields": {"name": "Can add content type", "content_type": 5, "codename": "add_contenttype"}}, {"model": "auth.permission", "pk": 18, "fields": {"name": "Can change content type", "content_type": 5, "codename": "change_contenttype"}}, {"model": "auth.permission", "pk": 19, "fields": {"name": "Can delete content type", "content_type": 5, "codename": "delete_contenttype"}}, {"model": "auth.permission", "pk": 20, "fields": {"name": "Can view content type", "content_type": 5, "codename": "view_contenttype"}}, {"model": "auth.permission", "pk": 21, "fields": {"name": "Can add session", "content_type": 6, "codename": "add_session"}}, {"model": "auth.permission", "pk": 22, "fields": {"name": "Can change session", "content_type": 6, "codename": "change_session"}}, {"model": "auth.permission", "pk": 23, "fields": {"name": "Can delete session", "content_type": 6, "codename": "delete_session"}}, {"model": "auth.permission", "pk": 24, "fields": {"name": "Can view session", "content_type": 6, "codename": "view_session"}}, {"model": "auth.permission", "pk": 25, "fields": {"name": "Can add blog", "content_type": 7, "codename": "add_blog"}}, {"model": "auth.permission", "pk": 26, "fields": {"name": "Can change blog", "content_type": 7, "codename": "change_blog"}}, {"model": "auth.permission", "pk": 27, "fields": {"name": "Can delete blog", "content_type": 7, "codename": "delete_blog"}}, {"model": "auth.permission", "pk": 28, "fields": {"name": "Can view blog", "content_type": 7, "codename": "view_blog"}}, {"model": "auth.permission", "pk": 29, "fields": {"name": "Can add blog type", "content_type": 8, "codename": "add_blogtype"}}, {"model": "auth.permission", "pk": 30, "fields": {"name": "Can change blog type", "content_type": 8, "codename": "change_blogtype"}}, {"model": "auth.permission", "pk": 31, "fields": {"name": "Can delete blog type", "content_type": 8, "codename": "delete_blogtype"}}, {"model": "auth.permission", "pk": 32, "fields": {"name": "Can view blog type", "content_type": 8, "codename": "view_blogtype"}}, {"model": "auth.permission", "pk": 33, "fields": {"name": "Can add read num", "content_type": 9, "codename": "add_readnum"}}, {"model": "auth.permission", "pk": 34, "fields": {"name": "Can change read num", "content_type": 9, "codename": "change_readnum"}}, {"model": "auth.permission", "pk": 35, "fields": {"name": "Can delete read num", "content_type": 9, "codename": "delete_readnum"}}, {"model": "auth.permission", "pk": 36, "fields": {"name": "Can view read num", "content_type": 9, "codename": "view_readnum"}}, {"model": "auth.permission", "pk": 37, "fields": {"name": "Can add read num", "content_type": 10, "codename": "add_readnum"}}, {"model": "auth.permission", "pk": 38, "fields": {"name": "Can change read num", "content_type": 10, "codename": "change_readnum"}}, {"model": "auth.permission", "pk": 39, "fields": {"name": "Can delete read num", "content_type": 10, "codename": "delete_readnum"}}, {"model": "auth.permission", "pk": 40, "fields": {"name": "Can view read num", "content_type": 10, "codename": "view_readnum"}}, {"model": "auth.permission", "pk": 41, "fields": {"name": "Can add read detail", "content_type": 11, "codename": "add_readdetail"}}, {"model": "auth.permission", "pk": 42, "fields": {"name": "Can change read detail", "content_type": 11, "codename": "change_readdetail"}}, {"model": "auth.permission", "pk": 43, "fields": {"name": "Can delete read detail", "content_type": 11, "codename": "delete_readdetail"}}, {"model": "auth.permission", "pk": 44, "fields": {"name": "Can view read detail", "content_type": 11, "codename": "view_readdetail"}}, {"model": "auth.permission", "pk": 45, "fields": {"name": "Can add comment", "content_type": 12, "codename": "add_comment"}}, {"model": "auth.permission", "pk": 46, "fields": {"name": "Can change comment", "content_type": 12, "codename": "change_comment"}}, {"model": "auth.permission", "pk": 47, "fields": {"name": "Can delete comment", "content_type": 12, "codename": "delete_comment"}}, {"model": "auth.permission", "pk": 48, "fields": {"name": "Can view comment", "content_type": 12, "codename": "view_comment"}}, {"model": "auth.permission", "pk": 49, "fields": {"name": "Can add like count", "content_type": 13, "codename": "add_likecount"}}, {"model": "auth.permission", "pk": 50, "fields": {"name": "Can change like count", "content_type": 13, "codename": "change_likecount"}}, {"model": "auth.permission", "pk": 51, "fields": {"name": "Can delete like count", "content_type": 13, "codename": "delete_likecount"}}, {"model": "auth.permission", "pk": 52, "fields": {"name": "Can view like count", "content_type": 13, "codename": "view_likecount"}}, {"model": "auth.permission", "pk": 53, "fields": {"name": "Can add like record", "content_type": 14, "codename": "add_likerecord"}}, {"model": "auth.permission", "pk": 54, "fields": {"name": "Can change like record", "content_type": 14, "codename": "change_likerecord"}}, {"model": "auth.permission", "pk": 55, "fields": {"name": "Can delete like record", "content_type": 14, "codename": "delete_likerecord"}}, {"model": "auth.permission", "pk": 56, "fields": {"name": "Can view like record", "content_type": 14, "codename": "view_likerecord"}}, {"model": "auth.permission", "pk": 57, "fields": {"name": "Can add profile", "content_type": 15, "codename": "add_profile"}}, {"model": "auth.permission", "pk": 58, "fields": {"name": "Can change profile", "content_type": 15, "codename": "change_profile"}}, {"model": "auth.permission", "pk": 59, "fields": {"name": "Can delete profile", "content_type": 15, "codename": "delete_profile"}}, {"model": "auth.permission", "pk": 60, "fields": {"name": "Can view profile", "content_type": 15, "codename": "view_profile"}}, {"model": "auth.user", "pk": 1, "fields": {"password": "pbkdf2_sha256$120000$V2Q7jUvfbs79$/x42sHFVL0t+47BII+Pdx/o9EWzNUMlkb4inVWoWB4M=", "last_login": "2019-06-10T05:51:50.520Z", "is_superuser": true, "username": "scb", "first_name": "", "last_name": "", "email": "504397480@qq.com", "is_staff": true, "is_active": true, "date_joined": "2019-05-16T05:43:00Z", "groups": [], "user_permissions": []}}, {"model": "auth.user", "pk": 2, "fields": {"password": "pbkdf2_sha256$120000$SVXARIpsVEHx$OvTUp7R342KTXsZxUWT4rWZ/eWQrBls5VOPA5BStDKU=", "last_login": "2019-06-04T05:52:00Z", "is_superuser": false, "username": "leifang", "first_name": "", "last_name": "", "email": "", "is_staff": false, "is_active": true, "date_joined": "2019-06-04T05:52:00Z", "groups": [], "user_permissions": []}}, {"model": "auth.user", "pk": 3, "fields": {"password": "pbkdf2_sha256$120000$6pFGpAF1mJBO$Vpk9jsEwMQKVTdQdWMwrhrnmjNDCm6JO17nQhtyRcq0=", "last_login": "2019-06-08T08:38:19.937Z", "is_superuser": false, "username": "lllll", "first_name": "", "last_name": "", "email": "123456789@qq.com", "is_staff": false, "is_active": true, "date_joined": "2019-06-08T08:38:19.554Z", "groups": [], "user_permissions": []}}, {"model": "auth.user", "pk": 4, "fields": {"password": "pbkdf2_sha256$120000$wDaGKCokKvBe$MWHORaFrku++YtK8SwuBRL0XGyF1yeTZfdhV+ty/wNk=", "last_login": "2019-06-08T08:39:00Z", "is_superuser": false, "username": "aaaaaaaaa", "first_name": "", "last_name": "", "email": "", "is_staff": false, "is_active": true, "date_joined": "2019-06-08T08:39:00Z", "groups": [], "user_permissions": []}}, {"model": "auth.user", "pk": 5, "fields": {"password": "pbkdf2_sha256$120000$eNFAdV4BDR2e$oPxlvKiYyS+M+h2/j6WrJHfUaQG/kez3xnTqj9vmqgI=", "last_login": "2019-06-08T08:40:00Z", "is_superuser": false, "username": "aaaa", "first_name": "", "last_name": "", "email": "", "is_staff": false, "is_active": true, "date_joined": "2019-06-08T08:40:00Z", "groups": [], "user_permissions": []}}, {"model": "auth.user", "pk": 6, "fields": {"password": "pbkdf2_sha256$120000$MQ7kaKDGDTwU$R7AZ3SRFf9LfUhOKH4aX6BFQfyRSilLBUQRDOVYlBSU=", "last_login": "2019-06-09T01:58:00Z", "is_superuser": false, "username": "1605020326", "first_name": "", "last_name": "", "email": "", "is_staff": false, "is_active": true, "date_joined": "2019-06-09T01:54:00Z", "groups": [], "user_permissions": []}}, {"model": "auth.user", "pk": 7, "fields": {"password": "pbkdf2_sha256$120000$ldMmxAHHCMHE$NqYq+z/uSRxG3LfquBBjcbMUw8YaHXkNjm1pT4tOmr8=", "last_login": "2019-06-10T02:42:37.585Z", "is_superuser": false, "username": "admin", "first_name": "", "last_name": "", "email": "", "is_staff": false, "is_active": true, "date_joined": "2019-06-10T02:38:00Z", "groups": [], "user_permissions": []}}, {"model": "auth.user", "pk": 8, "fields": {"password": "pbkdf2_sha256$120000$tmkxOUfcdDeu$gT0XTOtV9oW8qxytM7MufciyDQXSjwRQPoGW9MIxU3o=", "last_login": "2019-06-10T06:23:50.328Z", "is_superuser": false, "username": "shenchenbin", "first_name": "", "last_name": "", "email": "18390210785@163.com", "is_staff": false, "is_active": true, "date_joined": "2019-06-10T03:17:26.559Z", "groups": [], "user_permissions": []}}, {"model": "blog.blog", "pk": 1, "fields": {"title": "\u9f99\u738b\u4f20\u8bf4", "blog_type": 1, "content": "\u968f\u4fbf\u4e00\u70b9", "author": 1, "create_time": "2019-05-16T05:49:16.877Z", "last_update": "2019-05-16T05:49:16.877Z"}}, {"model": "blog.blog", "pk": 2, "fields": {"title": "\u957f\u5185\u5bb9", "blog_type": 1, "content": "\u97f3\u4e50\u5385\u5185\uff0c\u6e05\u8106\u7ae5\u58f0\u5531\u54cd\u300a\u6211\u7231\u4f60\u4e2d\u56fd\u300b\uff1b\u822a\u5929\u57ce\u91cc\uff0c\u6570\u5341\u540d\u5c0f\u5b66\u751f\u4e0e\u822a\u5929\u5458\u56f4\u7ed5\u822a\u5929\u68a6\u4eb2\u5bc6\u4e92\u52a8\uff1b\u7f51\u7edc\u7a7a\u95f4\u4e0a\uff0c\u4f17\u591a\u9752\u5c11\u5e74\u4ee5\u5fae\u89c6\u9891\u5c55\u73b0\u65b0\u4e2d\u56fd\u6210\u7acb70\u5e74\u7684\u5de8\u5927\u53d8\u8fc1\u2026\u2026\u201c\u516d\u4e00\u201d\u56fd\u9645\u513f\u7ae5\u8282\u5230\u6765\u4e4b\u9645\uff0c\u4e00\u7cfb\u5217\u4e30\u5bcc\u591a\u5f69\u7684\u6d3b\u52a8\uff0c\u4e3a\u5b69\u5b50\u4eec\u9001\u4e0a\u8282\u65e5\u7684\u795d\u798f\uff0c\u4e5f\u5c06\u7231\u56fd\u4e3b\u4e49\u7684\u79cd\u5b50\u64ad\u6492\u8fdb\u65e0\u6570\u5e7c\u5c0f\u7684\u5fc3\u7075\u3002\r\n\r\n\u3000\u3000\u201c\u4eba\u5fc5\u771f\u6709\u7231\u56fd\u5fc3\uff0c\u7136\u540e\u65b9\u53ef\u4ee5\u7528\u5927\u4e8b\u201d\u3002\u7231\u56fd\u662f\u4eba\u4e16\u95f4\u6700\u6df1\u6c89\u3001\u6700\u6301\u4e45\u7684\u60c5\u611f\uff0c\u4e5f\u662f\u5c11\u5e74\u513f\u7ae5\u6210\u957f\u6210\u624d\u7684\u5fc5\u4fee\u8bfe\u3002\u5c11\u5e74\u513f\u7ae5\u662f\u7956\u56fd\u7684\u672a\u6765\uff0c\u662f\u4e2d\u534e\u6c11\u65cf\u7684\u5e0c\u671b\u3002\u5728\u5b9e\u73b0\u4e2d\u56fd\u68a6\u7684\u63a5\u529b\u957f\u8dd1\u4e2d\uff0c\u539a\u690d\u7231\u56fd\u4e3b\u4e49\u60c5\u6000\uff0c\u8ba9\u7231\u56fd\u4e3b\u4e49\u7cbe\u795e\u5728\u5c11\u5e74\u513f\u7ae5\u5fc3\u4e2d\u7262\u7262\u624e\u6839\uff0c\u6559\u80b2\u5f15\u5bfc\u4ed6\u4eec\u6263\u597d\u4eba\u751f\u7684\u7b2c\u4e00\u7c92\u6263\u5b50\uff0c\u624d\u80fd\u9020\u5c31\u7956\u56fd\u9700\u8981\u7684\u4f18\u79c0\u4eba\u624d\uff0c\u57f9\u517b\u6210\u4e3a\u4e2d\u56fd\u7279\u8272\u793e\u4f1a\u4e3b\u4e49\u4e8b\u4e1a\u5408\u683c\u5efa\u8bbe\u8005\u548c\u53ef\u9760\u63a5\u73ed\u4eba\u3002\r\n\r\n\u3000\u3000\u6b63\u5982\u4e60\u8fd1\u5e73\u603b\u4e66\u8bb0\u6240\u6307\u51fa\u7684\uff0c\u201c\u5f53\u4ee3\u4e2d\u56fd\uff0c\u7231\u56fd\u4e3b\u4e49\u7684\u672c\u8d28\u5c31\u662f\u575a\u6301\u7231\u56fd\u548c\u7231\u515a\u3001\u7231\u793e\u4f1a\u4e3b\u4e49\u9ad8\u5ea6\u7edf\u4e00\u201d\u3002\u57f9\u517b\u5c11\u5e74\u513f\u7ae5\u7684\u7231\u56fd\u4e4b\u60c5\uff0c\u5c31\u8981\u5f15\u5bfc\u4ed6\u4eec\u4ece\u5c0f\u70ed\u7231\u515a\u3001\u62e5\u62a4\u515a\uff0c\u7acb\u5fd7\u542c\u515a\u8bdd\u3001\u8ddf\u515a\u8d70\uff0c\u7acb\u5fd7\u624e\u6839\u4eba\u6c11\u3001\u5949\u732e\u56fd\u5bb6\uff0c\u65f6\u523b\u51c6\u5907\u4e3a\u4e2d\u56fd\u7279\u8272\u793e\u4f1a\u4e3b\u4e49\u4e8b\u4e1a\u63a5\u529b\u594b\u6597\u3002\u53ea\u6709\u5b9e\u73b0\u7231\u56fd\u3001\u7231\u515a\u3001\u7231\u793e\u4f1a\u4e3b\u4e49\u7684\u6709\u673a\u7edf\u4e00\uff0c\u7231\u56fd\u4e3b\u4e49\u624d\u662f\u9c9c\u6d3b\u7684\u3001\u771f\u5b9e\u7684\uff0c\u7231\u56fd\u4e3b\u4e49\u6559\u80b2\u624d\u80fd\u6cbf\u7740\u6b63\u786e\u65b9\u5411\u884c\u7a33\u81f4\u8fdc\u3002\r\n\r\n\u3000\u3000\u4eca\u5e74\u662f\u65b0\u4e2d\u56fd\u6210\u7acb70\u5468\u5e74\u300270\u5e74\u8270\u82e6\u594b\u6597\uff0c70\u5e74\u6ca7\u6851\u5de8\u53d8\uff0c\u6d8c\u73b0\u65e0\u6570\u82f1\u96c4\u4eba\u7269\uff0c\u4ea7\u751f\u5927\u91cf\u611f\u4eba\u80ba\u8151\u7684\u6545\u4e8b\uff0c\u4e3a\u5f00\u5c55\u7231\u56fd\u4e3b\u4e49\u6559\u80b2\u63d0\u4f9b\u4e86\u53d6\u4e4b\u4e0d\u5c3d\u7684\u4f18\u8d28\u8d44\u6e90\u3002\u201c\u6b32\u77e5\u5927\u9053\uff0c\u5fc5\u5148\u4e3a\u53f2\u201d\u3002\u4ee5\u5b69\u5b50\u4eec\u6613\u4e8e\u63a5\u53d7\u3001\u559c\u95fb\u4e50\u89c1\u7684\u65b9\u5f0f\uff0c\u8bb2\u597d\u7231\u56fd\u594b\u6597\u7684\u6545\u4e8b\uff0c\u8bb2\u6e05\u695a\u4eca\u5929\u7684\u5e78\u798f\u751f\u6d3b\u5982\u4f55\u6765\u4e4b\u4e0d\u6613\uff0c\u8bb2\u660e\u767d\u5b9e\u73b0\u4e2d\u56fd\u68a6\u9700\u8981\u4e00\u4ee3\u4ee3\u4eba\u4e0d\u61c8\u594b\u6597\uff0c\u624d\u80fd\u4e0d\u65ad\u589e\u5f3a\u4ed6\u4eec\u7684\u6c11\u65cf\u81ea\u5c0a\u5fc3\u3001\u81ea\u4fe1\u5fc3\u3001\u81ea\u8c6a\u611f\uff0c\u4ece\u5c0f\u6811\u7acb\u7231\u56fd\u62a5\u56fd\u7684\u8fdc\u5927\u7406\u60f3\uff0c\u4eca\u5929\u505a\u7956\u56fd\u7684\u597d\u513f\u7ae5\uff0c\u660e\u5929\u505a\u7956\u56fd\u7684\u5efa\u8bbe\u8005\u3002\r\n\r\n\u3000\u3000\u7231\u56fd\u662f\u4e00\u79cd\u53d1\u81ea\u5185\u5fc3\u7684\u4fe1\u5ff5\u60c5\u6000\uff0c\u5c24\u5176\u9700\u8981\u7ec6\u6c34\u957f\u6d41\u7684\u718f\u9676\u3001\u8033\u6fe1\u76ee\u67d3\u7684\u5f15\u5bfc\u3002\u8fd1\u5e74\u6765\uff0c\u5404\u5730\u5f00\u5c55\u4eea\u5f0f\u6559\u80b2\u3001\u4e3b\u9898\u9605\u8bfb\u3001\u7ed8\u753b\u6b4c\u548f\u7b49\u4e30\u5bcc\u591a\u5f69\u7684\u5b9e\u8df5\u6d3b\u52a8\uff0c\u53d6\u5f97\u4e86\u826f\u597d\u6548\u679c\uff0c\u4e5f\u79ef\u7d2f\u4e86\u4e0d\u5c11\u6709\u76ca\u7ecf\u9a8c\u3002\u5b9e\u8df5\u8868\u660e\uff0c\u5c0a\u91cd\u5c11\u5e74\u513f\u7ae5\u6210\u957f\u89c4\u5f8b\uff0c\u6559\u80b2\u624d\u80fd\u6709\u5b9e\u6548\u3001\u89c1\u957f\u6548\u3002\u8981\u5c06\u7231\u56fd\u4e3b\u4e49\u6559\u80b2\u8d2f\u7a7f\u4e8e\u5c11\u5e74\u513f\u7ae5\u7684\u5b66\u4e60\u751f\u6d3b\uff0c\u5728\u5faa\u5faa\u5584\u8bf1\u3001\u6625\u98ce\u5316\u96e8\u4e0a\u4e0b\u529f\u592b\uff0c\u5728\u63d0\u9ad8\u5185\u5bb9\u8d28\u91cf\u3001\u6559\u80b2\u5b9e\u6548\u4e0a\u4e0b\u529f\u592b\uff0c\u8ba9\u7231\u56fd\u4e3b\u4e49\u7684\u79cd\u5b50\u5728\u5b69\u5b50\u4eec\u5fc3\u4e2d\u751f\u6839\u53d1\u82bd\u3001\u5f00\u82b1\u7ed3\u679c\u3002\r\n\r\n\u3000\u3000\u5c11\u5e74\u5f53\u7acb\u51cc\u4e91\u5fd7\uff0c\u5efa\u529f\u7acb\u4e1a\u4f1a\u6709\u65f6\u3002\u5728\u7231\u56fd\u4e3b\u4e49\u7cbe\u795e\u7684\u6ecb\u517b\u4e0b\uff0c\u5728\u5168\u793e\u4f1a\u7684\u5171\u540c\u5173\u7231\u4e0b\uff0c\u4e00\u682a\u682a\u5411\u9633\u751f\u957f\u7684\u5e7c\u82d7\uff0c\u5fc5\u5c06\u6210\u4e3a\u62c5\u5f53\u6c11\u65cf\u590d\u5174\u91cd\u4efb\u7684\u680b\u6881\u4e4b\u6750\u3002", "author": 1, "create_time": "2019-06-01T11:03:14.604Z", "last_update": "2019-06-01T11:03:14.604Z"}}, {"model": "blog.blog", "pk": 3, "fields": {"title": "\u65b0type", "blog_type": 2, "content": "aaaa", "author": 1, "create_time": "2019-06-01T11:21:49.138Z", "last_update": "2019-06-01T11:21:49.138Z"}}, {"model": "blog.blog", "pk": 4, "fields": {"title": "1", "blog_type": 2, "content": "2", "author": 1, "create_time": "2019-06-02T08:15:43.787Z", "last_update": "2019-06-02T08:15:43.787Z"}}, {"model": "blog.blog", "pk": 5, "fields": {"title": "3", "blog_type": 1, "content": "3", "author": 1, "create_time": "2019-06-02T08:15:52.588Z", "last_update": "2019-06-02T08:15:52.588Z"}}, {"model": "blog.blog", "pk": 6, "fields": {"title": "for 7", "blog_type": 1, "content": "xxxx:7", "author": 1, "create_time": "2019-06-02T08:20:29.812Z", "last_update": "2019-06-02T08:20:29.812Z"}}, {"model": "blog.blog", "pk": 7, "fields": {"title": "for 8", "blog_type": 1, "content": "xxxx:8", "author": 1, "create_time": "2019-06-02T08:20:29.872Z", "last_update": "2019-06-02T08:20:29.872Z"}}, {"model": "blog.blog", "pk": 8, "fields": {"title": "for 9", "blog_type": 1, "content": "xxxx:9", "author": 1, "create_time": "2019-06-02T08:20:29.977Z", "last_update": "2019-06-02T08:20:29.977Z"}}, {"model": "blog.blog", "pk": 9, "fields": {"title": "for 10", "blog_type": 1, "content": "xxxx:10", "author": 1, "create_time": "2019-06-02T08:20:30.084Z", "last_update": "2019-06-02T08:20:30.084Z"}}, {"model": "blog.blog", "pk": 10, "fields": {"title": "for 11", "blog_type": 1, "content": "xxxx:11", "author": 1, "create_time": "2019-06-02T08:20:30.135Z", "last_update": "2019-06-02T08:20:30.135Z"}}, {"model": "blog.blog", "pk": 11, "fields": {"title": "for 12", "blog_type": 1, "content": "xxxx:12", "author": 1, "create_time": "2019-06-02T08:20:30.253Z", "last_update": "2019-06-02T08:20:30.253Z"}}, {"model": "blog.blog", "pk": 12, "fields": {"title": "for 13", "blog_type": 1, "content": "xxxx:13", "author": 1, "create_time": "2019-06-02T08:20:30.358Z", "last_update": "2019-06-02T08:20:30.358Z"}}, {"model": "blog.blog", "pk": 13, "fields": {"title": "for 14", "blog_type": 1, "content": "xxxx:14", "author": 1, "create_time": "2019-06-02T08:20:30.421Z", "last_update": "2019-06-02T08:20:30.421Z"}}, {"model": "blog.blog", "pk": 14, "fields": {"title": "for 15", "blog_type": 1, "content": "xxxx:15", "author": 1, "create_time": "2019-06-02T08:20:30.471Z", "last_update": "2019-06-02T08:20:30.471Z"}}, {"model": "blog.blog", "pk": 15, "fields": {"title": "for 16", "blog_type": 1, "content": "xxxx:16", "author": 1, "create_time": "2019-06-02T08:20:30.523Z", "last_update": "2019-06-02T08:20:30.523Z"}}, {"model": "blog.blog", "pk": 16, "fields": {"title": "for 17", "blog_type": 1, "content": "xxxx:17", "author": 1, "create_time": "2019-06-02T08:20:30.573Z", "last_update": "2019-06-02T08:20:30.573Z"}}, {"model": "blog.blog", "pk": 17, "fields": {"title": "for 18", "blog_type": 1, "content": "xxxx:18", "author": 1, "create_time": "2019-06-02T08:20:30.625Z", "last_update": "2019-06-02T08:20:30.625Z"}}, {"model": "blog.blog", "pk": 18, "fields": {"title": "for 19", "blog_type": 1, "content": "xxxx:19", "author": 1, "create_time": "2019-06-02T08:20:30.676Z", "last_update": "2019-06-02T08:20:30.676Z"}}, {"model": "blog.blog", "pk": 19, "fields": {"title": "for 20", "blog_type": 1, "content": "xxxx:20", "author": 1, "create_time": "2019-06-02T08:20:30.727Z", "last_update": "2019-06-02T08:20:30.727Z"}}, {"model": "blog.blog", "pk": 20, "fields": {"title": "for 21", "blog_type": 1, "content": "xxxx:21", "author": 1, "create_time": "2019-06-02T08:20:30.833Z", "last_update": "2019-06-02T08:20:30.833Z"}}, {"model": "blog.blog", "pk": 21, "fields": {"title": "for 22", "blog_type": 1, "content": "xxxx:22", "author": 1, "create_time": "2019-06-02T08:20:30.895Z", "last_update": "2019-06-02T08:20:30.895Z"}}, {"model": "blog.blog", "pk": 22, "fields": {"title": "for 23", "blog_type": 1, "content": "xxxx:23", "author": 1, "create_time": "2019-06-02T08:20:30.947Z", "last_update": "2019-06-02T08:20:30.947Z"}}, {"model": "blog.blog", "pk": 23, "fields": {"title": "for 24", "blog_type": 1, "content": "xxxx:24", "author": 1, "create_time": "2019-06-02T08:20:30.998Z", "last_update": "2019-06-02T08:20:30.998Z"}}, {"model": "blog.blog", "pk": 24, "fields": {"title": "for 25", "blog_type": 1, "content": "xxxx:25", "author": 1, "create_time": "2019-06-02T08:20:31.049Z", "last_update": "2019-06-02T08:20:31.049Z"}}, {"model": "blog.blog", "pk": 25, "fields": {"title": "for 26", "blog_type": 1, "content": "xxxx:26", "author": 1, "create_time": "2019-06-02T08:20:31.100Z", "last_update": "2019-06-02T08:20:31.100Z"}}, {"model": "blog.blog", "pk": 26, "fields": {"title": "for 27", "blog_type": 1, "content": "xxxx:27", "author": 1, "create_time": "2019-06-02T08:20:31.151Z", "last_update": "2019-06-02T08:20:31.151Z"}}, {"model": "blog.blog", "pk": 27, "fields": {"title": "for 28", "blog_type": 1, "content": "xxxx:28", "author": 1, "create_time": "2019-06-02T08:20:31.202Z", "last_update": "2019-06-02T08:20:31.202Z"}}, {"model": "blog.blog", "pk": 28, "fields": {"title": "for 29", "blog_type": 1, "content": "xxxx:29", "author": 1, "create_time": "2019-06-02T08:20:31.265Z", "last_update": "2019-06-02T08:20:31.265Z"}}, {"model": "blog.blog", "pk": 29, "fields": {"title": "for 30", "blog_type": 1, "content": "xxxx:30", "author": 1, "create_time": "2019-06-02T08:20:31.315Z", "last_update": "2019-06-02T08:20:31.315Z"}}, {"model": "blog.blog", "pk": 30, "fields": {"title": "for 31", "blog_type": 1, "content": "xxxx:31", "author": 1, "create_time": "2019-06-02T08:20:31.366Z", "last_update": "2019-06-02T08:20:31.366Z"}}, {"model": "blog.blog", "pk": 31, "fields": {"title": "for 32", "blog_type": 1, "content": "xxxx:32", "author": 1, "create_time": "2019-06-02T08:20:31.417Z", "last_update": "2019-06-02T08:20:31.417Z"}}, {"model": "blog.blog", "pk": 32, "fields": {"title": "for 33", "blog_type": 1, "content": "xxxx:33", "author": 1, "create_time": "2019-06-02T08:20:31.468Z", "last_update": "2019-06-02T08:20:31.468Z"}}, {"model": "blog.blog", "pk": 33, "fields": {"title": "for 34", "blog_type": 1, "content": "xxxx:34", "author": 1, "create_time": "2019-06-02T08:20:31.520Z", "last_update": "2019-06-02T08:20:31.520Z"}}, {"model": "blog.blog", "pk": 34, "fields": {"title": "for 35", "blog_type": 1, "content": "xxxx:35", "author": 1, "create_time": "2019-06-02T08:20:31.588Z", "last_update": "2019-06-02T08:20:31.588Z"}}, {"model": "blog.blog", "pk": 35, "fields": {"title": "for 36", "blog_type": 1, "content": "xxxx:36", "author": 1, "create_time": "2019-06-02T08:20:31.639Z", "last_update": "2019-06-02T08:20:31.639Z"}}, {"model": "blog.blog", "pk": 36, "fields": {"title": "for 37", "blog_type": 1, "content": "xxxx:37", "author": 1, "create_time": "2019-06-02T08:20:31.689Z", "last_update": "2019-06-02T08:20:31.690Z"}}, {"model": "blog.blog", "pk": 37, "fields": {"title": "for 38", "blog_type": 1, "content": "<p>xxxx:38</p>", "author": 1, "create_time": "2019-06-02T08:20:31.741Z", "last_update": "2019-06-03T08:16:41.032Z"}}, {"model": "blog.blog", "pk": 38, "fields": {"title": "for 39", "blog_type": 1, "content": "<p>xxxx:39! </p>\n<p><img src='/media/editor/IMG_0993_20190603105405637247.JPG' width='200',height='200'></p>", "author": 1, "create_time": "2019-06-02T08:20:31.792Z", "last_update": "2019-06-03T08:16:26.217Z"}}, {"model": "blog.blog", "pk": 39, "fields": {"title": "markdown \u4ee3\u7801\u6d4b\u8bd5", "blog_type": 1, "content": "<blockquote>\n<p>hello </p>\n</blockquote>\n\n<h1 id=\"_1\">\u4f60\u597d\u5440</h1>\n\n<div class=\"codehilite\"><pre><span></span><span class=\"kn\">from</span> <span class=\"nn\">mdeditor.fields</span> <span class=\"kn\">import</span> <span class=\"n\">MDTextField</span> \n<span class=\"c1\"># Create your models here. </span>\n<span class=\"k\">class</span> <span class=\"nc\">BlogType</span><span class=\"p\">(</span><span class=\"n\">models</span><span class=\"o\">.</span><span class=\"n\">Model</span><span class=\"p\">):</span> \n    <span class=\"n\">type_name</span> <span class=\"o\">=</span> <span class=\"n\">models</span><span class=\"o\">.</span><span class=\"n\">CharField</span><span class=\"p\">(</span><span class=\"n\">max_length</span><span class=\"o\">=</span><span class=\"mi\">20</span><span class=\"p\">)</span>\n\n    <span class=\"k\">def</span> <span class=\"fm\">__str__</span><span class=\"p\">(</span><span class=\"bp\">self</span><span class=\"p\">):</span> \n        <span class=\"k\">return</span> <span class=\"bp\">self</span><span class=\"o\">.</span><span class=\"n\">type_name</span> \n</pre></div>", "author": 1, "create_time": "2019-06-03T02:36:35.948Z", "last_update": "2019-06-03T08:12:43.979Z"}}, {"model": "blooger.profile", "pk": 1, "fields": {"user": 1, "nickname": "\u6c88\u6668\u5f6c"}}, {"model": "likes.likerecord", "pk": 4, "fields": {"content_type": 7, "object_id": 34, "user": 1, "liked_time": "2019-06-09T08:33:52.905Z"}}, {"model": "likes.likerecord", "pk": 9, "fields": {"content_type": 7, "object_id": 36, "user": 1, "liked_time": "2019-06-09T08:50:39.220Z"}}, {"model": "likes.likerecord", "pk": 22, "fields": {"content_type": 7, "object_id": 39, "user": 1, "liked_time": "2019-06-09T09:00:46.942Z"}}, {"model": "likes.likerecord", "pk": 23, "fields": {"content_type": 7, "object_id": 35, "user": 1, "liked_time": "2019-06-09T09:00:56.777Z"}}, {"model": "likes.likerecord", "pk": 28, "fields": {"content_type": 12, "object_id": 22, "user": 1, "liked_time": "2019-06-09T09:14:23.266Z"}}, {"model": "likes.likerecord", "pk": 31, "fields": {"content_type": 12, "object_id": 37, "user": 1, "liked_time": "2019-06-09T09:17:37.765Z"}}, {"model": "likes.likerecord", "pk": 32, "fields": {"content_type": 12, "object_id": 38, "user": 1, "liked_time": "2019-06-09T09:18:52.637Z"}}, {"model": "likes.likerecord", "pk": 33, "fields": {"content_type": 12, "object_id": 39, "user": 1, "liked_time": "2019-06-09T09:21:50.771Z"}}, {"model": "likes.likerecord", "pk": 34, "fields": {"content_type": 12, "object_id": 40, "user": 1, "liked_time": "2019-06-09T09:21:57.814Z"}}, {"model": "comment.comment", "pk": 1, "fields": {"content_type": 7, "object_id": 39, "text": "11", "comment_time": "2019-06-04T01:42:41.268Z", "user": 1, "root": null, "parent": null, "reply_to": null}}, {"model": "comment.comment", "pk": 2, "fields": {"content_type": 7, "object_id": 39, "text": "1234", "comment_time": "2019-06-04T01:49:28.573Z", "user": 1, "root": null, "parent": null, "reply_to": null}}, {"model": "comment.comment", "pk": 3, "fields": {"content_type": 7, "object_id": 2, "text": "1111", "comment_time": "2019-06-09T02:07:06.101Z", "user": 6, "root": null, "parent": null, "reply_to": null}}, {"model": "comment.comment", "pk": 4, "fields": {"content_type": 7, "object_id": 2, "text": "123", "comment_time": "2019-06-09T02:28:42.583Z", "user": 6, "root": null, "parent": null, "reply_to": null}}, {"model": "comment.comment", "pk": 5, "fields": {"content_type": 7, "object_id": 26, "text": "<p>2222<img alt=\"kiss\" height=\"23\" src=\"http://127.0.0.1:8000/static/ckeditor/ckeditor/plugins/smiley/images/kiss.png\" title=\"kiss\" width=\"23\" /></p>", "comment_time": "2019-06-09T03:17:33.244Z", "user": 6, "root": null, "parent": null, "reply_to": null}}, {"model": "comment.comment", "pk": 6, "fields": {"content_type": 7, "object_id": 26, "text": "<p><strong>222</strong></p>", "comment_time": "2019-06-09T03:17:50.171Z", "user": 6, "root": null, "parent": null, "reply_to": null}}, {"model": "comment.comment", "pk": 7, "fields": {"content_type": 7, "object_id": 2, "text": "<p>iii</p>", "comment_time": "2019-06-09T03:18:10.550Z", "user": 6, "root": null, "parent": null, "reply_to": null}}, {"model": "comment.comment", "pk": 8, "fields": {"content_type": 7, "object_id": 2, "text": "<p>k&#39;k&#39;k<img alt=\"angel\" height=\"23\" src=\"http://127.0.0.1:8000/static/ckeditor/ckeditor/plugins/smiley/images/angel_smile.png\" title=\"angel\" width=\"23\" /></p>", "comment_time": "2019-06-09T03:21:45.653Z", "user": 6, "root": null, "parent": null, "reply_to": null}}, {"model": "comment.comment", "pk": 9, "fields": {"content_type": 7, "object_id": 2, "text": "<p>123</p>", "comment_time": "2019-06-09T04:41:56.808Z", "user": 6, "root": null, "parent": null, "reply_to": null}}, {"model": "comment.comment", "pk": 10, "fields": {"content_type": 7, "object_id": 2, "text": "<p>123</p>", "comment_time": "2019-06-09T04:44:34.472Z", "user": 6, "root": null, "parent": null, "reply_to": null}}, {"model": "comment.comment", "pk": 11, "fields": {"content_type": 7, "object_id": 2, "text": "<p>123</p>", "comment_time": "2019-06-09T04:48:56.509Z", "user": 6, "root": null, "parent": null, "reply_to": null}}, {"model": "comment.comment", "pk": 12, "fields": {"content_type": 7, "object_id": 2, "text": "<p>123</p>", "comment_time": "2019-06-09T04:48:59.757Z", "user": 6, "root": null, "parent": null, "reply_to": null}}, {"model": "comment.comment", "pk": 13, "fields": {"content_type": 7, "object_id": 2, "text": "<p>123</p>", "comment_time": "2019-06-09T04:49:02.992Z", "user": 6, "root": null, "parent": null, "reply_to": null}}, {"model": "comment.comment", "pk": 14, "fields": {"content_type": 7, "object_id": 2, "text": "<p>8999<img alt=\"angry\" height=\"23\" src=\"http://127.0.0.1:8000/static/ckeditor/ckeditor/plugins/smiley/images/angry_smile.png\" title=\"angry\" width=\"23\" /></p>", "comment_time": "2019-06-09T04:49:11.654Z", "user": 6, "root": null, "parent": null, "reply_to": null}}, {"model": "comment.comment", "pk": 15, "fields": {"content_type": 7, "object_id": 2, "text": "<p>1111111</p>", "comment_time": "2019-06-09T04:50:27.443Z", "user": 6, "root": null, "parent": null, "reply_to": null}}, {"model": "comment.comment", "pk": 16, "fields": {"content_type": 7, "object_id": 38, "text": "<p>111</p>", "comment_time": "2019-06-09T05:45:07.124Z", "user": 6, "root": null, "parent": null, "reply_to": null}}, {"model": "comment.comment", "pk": 17, "fields": {"content_type": 7, "object_id": 333, "text": "3333", "comment_time": "2019-06-09T05:52:50.764Z", "user": 6, "root": null, "parent": 8, "reply_to": null}}, {"model": "comment.comment", "pk": 18, "fields": {"content_type": 7, "object_id": 39, "text": "<p>123456789</p>", "comment_time": "2019-06-09T05:58:04.054Z", "user": 1, "root": null, "parent": null, "reply_to": null}}, {"model": "comment.comment", "pk": 19, "fields": {"content_type": 7, "object_id": 18, "text": "hello", "comment_time": "2019-06-09T06:01:19.673Z", "user": 6, "root": 18, "parent": 18, "reply_to": 1}}, {"model": "comment.comment", "pk": 20, "fields": {"content_type": 7, "object_id": 39, "text": "<p>1111</p>", "comment_time": "2019-06-09T06:19:21.486Z", "user": 1, "root": null, "parent": null, "reply_to": null}}, {"model": "comment.comment", "pk": 21, "fields": {"content_type": 7, "object_id": 39, "text": "<p>111</p>", "comment_time": "2019-06-09T06:19:30.862Z", "user": 1, "root": null, "parent": null, "reply_to": null}}, {"model": "comment.comment", "pk": 22, "fields": {"content_type": 7, "object_id": 39, "text": "<p>123445fgrgrgrg</p>", "comment_time": "2019-06-09T06:29:39.939Z", "user": 1, "root": null, "parent": null, "reply_to": null}}, {"model": "comment.comment", "pk": 23, "fields": {"content_type": 7, "object_id": 39, "text": "<p>ededed</p>", "comment_time": "2019-06-09T06:36:42.119Z", "user": 1, "root": 21, "parent": 21, "reply_to": 1}}, {"model": "comment.comment", "pk": 24, "fields": {"content_type": 7, "object_id": 39, "text": "<p>sdsdsdsdsdsdsd</p>", "comment_time": "2019-06-09T06:36:52.580Z", "user": 1, "root": 21, "parent": 23, "reply_to": 1}}, {"model": "comment.comment", "pk": 25, "fields": {"content_type": 7, "object_id": 38, "text": "<p>sdsdsdsd</p>", "comment_time": "2019-06-09T06:44:48.386Z", "user": 1, "root": 16, "parent": 16, "reply_to": 6}}, {"model": "comment.comment", "pk": 26, "fields": {"content_type": 7, "object_id": 38, "text": "<p>qazwsx</p>", "comment_time": "2019-06-09T06:46:48.484Z", "user": 1, "root": 16, "parent": 16, "reply_to": 6}}, {"model": "comment.comment", "pk": 27, "fields": {"content_type": 7, "object_id": 38, "text": "<p>111111</p>", "comment_time": "2019-06-09T06:46:57.959Z", "user": 1, "root": 16, "parent": 25, "reply_to": 1}}, {"model": "comment.comment", "pk": 28, "fields": {"content_type": 7, "object_id": 38, "text": "<p>aaaaaaaaaaaaa</p>", "comment_time": "2019-06-09T06:48:26.628Z", "user": 1, "root": 16, "parent": 25, "reply_to": 1}}, {"model": "comment.comment", "pk": 29, "fields": {"content_type": 7, "object_id": 3, "text": "<p>dsdsd</p>", "comment_time": "2019-06-09T07:27:20.331Z", "user": 1, "root": null, "parent": null, "reply_to": null}}, {"model": "comment.comment", "pk": 30, "fields": {"content_type": 7, "object_id": 3, "text": "<p>dsdsd</p>", "comment_time": "2019-06-09T07:27:22.468Z", "user": 1, "root": null, "parent": null, "reply_to": null}}, {"model": "comment.comment", "pk": 31, "fields": {"content_type": 7, "object_id": 25, "text": "<p>1111</p>", "comment_time": "2019-06-09T07:28:42.477Z", "user": 1, "root": null, "parent": null, "reply_to": null}}, {"model": "comment.comment", "pk": 32, "fields": {"content_type": 7, "object_id": 24, "text": "<p>111222</p>", "comment_time": "2019-06-09T07:34:12.397Z", "user": 1, "root": null, "parent": null, "reply_to": null}}, {"model": "comment.comment", "pk": 33, "fields": {"content_type": 7, "object_id": 24, "text": "<p>111222</p>", "comment_time": "2019-06-09T07:34:14.908Z", "user": 1, "root": null, "parent": null, "reply_to": null}}, {"model": "comment.comment", "pk": 34, "fields": {"content_type": 7, "object_id": 24, "text": "<p>2e</p>", "comment_time": "2019-06-09T07:34:22.396Z", "user": 1, "root": null, "parent": null, "reply_to": null}}, {"model": "comment.comment", "pk": 35, "fields": {"content_type": 7, "object_id": 23, "text": "<p>1</p>", "comment_time": "2019-06-09T07:35:14.230Z", "user": 1, "root": null, "parent": null, "reply_to": null}}, {"model": "comment.comment", "pk": 36, "fields": {"content_type": 7, "object_id": 22, "text": "<p>2222</p>", "comment_time": "2019-06-09T07:37:11.453Z", "user": 1, "root": null, "parent": null, "reply_to": null}}, {"model": "comment.comment", "pk": 37, "fields": {"content_type": 7, "object_id": 39, "text": "<p>111111111111</p>", "comment_time": "2019-06-09T09:14:16.589Z", "user": 1, "root": null, "parent": null, "reply_to": null}}, {"model": "comment.comment", "pk": 38, "fields": {"content_type": 7, "object_id": 39, "text": "<p>2333322323</p>", "comment_time": "2019-06-09T09:18:09.877Z", "user": 1, "root": null, "parent": null, "reply_to": null}}, {"model": "comment.comment", "pk": 39, "fields": {"content_type": 7, "object_id": 39, "text": "<p>a&#39;a&#39;a&#39;a</p>", "comment_time": "2019-06-09T09:21:49.101Z", "user": 1, "root": null, "parent": null, "reply_to": null}}, {"model": "comment.comment", "pk": 40, "fields": {"content_type": 7, "object_id": 39, "text": "<p>ssss</p>", "comment_time": "2019-06-09T09:21:56.296Z", "user": 1, "root": 38, "parent": 38, "reply_to": 1}}, {"model": "comment.comment", "pk": 41, "fields": {"content_type": 7, "object_id": 39, "text": "<p>sdsdsd</p>", "comment_time": "2019-06-09T12:55:45.624Z", "user": 1, "root": 39, "parent": 39, "reply_to": 1}}, {"model": "comment.comment", "pk": 42, "fields": {"content_type": 7, "object_id": 39, "text": "<p>11111</p>", "comment_time": "2019-06-10T05:17:06.960Z", "user": 8, "root": null, "parent": null, "reply_to": null}}, {"model": "comment.comment", "pk": 43, "fields": {"content_type": 7, "object_id": 39, "text": "<p>11111</p>", "comment_time": "2019-06-10T05:17:08.968Z", "user": 8, "root": null, "parent": null, "reply_to": null}}, {"model": "comment.comment", "pk": 44, "fields": {"content_type": 7, "object_id": 39, "text": "<p>11111</p>", "comment_time": "2019-06-10T05:17:52.129Z", "user": 8, "root": null, "parent": null, "reply_to": null}}, {"model": "comment.comment", "pk": 45, "fields": {"content_type": 7, "object_id": 39, "text": "<p>hello</p>", "comment_time": "2019-06-10T05:31:55.053Z", "user": 8, "root": null, "parent": null, "reply_to": null}}, {"model": "comment.comment", "pk": 46, "fields": {"content_type": 7, "object_id": 39, "text": "<p>sdsdsdsdsd</p>", "comment_time": "2019-06-10T05:33:02.518Z", "user": 8, "root": null, "parent": null, "reply_to": null}}, {"model": "comment.comment", "pk": 47, "fields": {"content_type": 7, "object_id": 38, "text": "<p>111111111</p>", "comment_time": "2019-06-10T05:33:28.005Z", "user": 8, "root": null, "parent": null, "reply_to": null}}, {"model": "comment.comment", "pk": 48, "fields": {"content_type": 7, "object_id": 38, "text": "<p>11111</p>", "comment_time": "2019-06-10T05:35:24.510Z", "user": 8, "root": null, "parent": null, "reply_to": null}}, {"model": "comment.comment", "pk": 49, "fields": {"content_type": 7, "object_id": 39, "text": "<p>1111111111111111111</p>", "comment_time": "2019-06-10T05:39:03.707Z", "user": 1, "root": null, "parent": null, "reply_to": null}}, {"model": "comment.comment", "pk": 50, "fields": {"content_type": 7, "object_id": 39, "text": "<p>2222222222222222</p>", "comment_time": "2019-06-10T05:40:54.320Z", "user": 1, "root": null, "parent": null, "reply_to": null}}, {"model": "comment.comment", "pk": 51, "fields": {"content_type": 7, "object_id": 39, "text": "<p>222222222222222222222222222222222222222222222</p>", "comment_time": "2019-06-10T05:42:11.068Z", "user": 1, "root": null, "parent": null, "reply_to": null}}, {"model": "comment.comment", "pk": 52, "fields": {"content_type": 7, "object_id": 39, "text": "<p>21212121</p>", "comment_time": "2019-06-10T05:43:16.828Z", "user": 1, "root": null, "parent": null, "reply_to": null}}, {"model": "comment.comment", "pk": 53, "fields": {"content_type": 7, "object_id": 39, "text": "<p>1222</p>", "comment_time": "2019-06-10T05:44:10.769Z", "user": 1, "root": null, "parent": null, "reply_to": null}}, {"model": "comment.comment", "pk": 54, "fields": {"content_type": 7, "object_id": 39, "text": "<p>2222222</p>", "comment_time": "2019-06-10T05:44:42.547Z", "user": 1, "root": null, "parent": null, "reply_to": null}}, {"model": "comment.comment", "pk": 55, "fields": {"content_type": 7, "object_id": 39, "text": "<p>sdsdsd</p>", "comment_time": "2019-06-10T05:47:12.024Z", "user": 1, "root": 22, "parent": 22, "reply_to": 1}}, {"model": "comment.comment", "pk": 56, "fields": {"content_type": 7, "object_id": 39, "text": "<p>sdasdasdasd</p>", "comment_time": "2019-06-10T05:48:08.841Z", "user": 1, "root": 52, "parent": 52, "reply_to": 1}}, {"model": "comment.comment", "pk": 57, "fields": {"content_type": 7, "object_id": 39, "text": "<p>dddddddddddddddd</p>", "comment_time": "2019-06-10T05:48:42.966Z", "user": 1, "root": 46, "parent": 46, "reply_to": 8}}, {"model": "comment.comment", "pk": 58, "fields": {"content_type": 7, "object_id": 22, "text": "<p>123454565565</p>", "comment_time": "2019-06-10T05:51:58.266Z", "user": 1, "root": null, "parent": null, "reply_to": null}}, {"model": "comment.comment", "pk": 59, "fields": {"content_type": 7, "object_id": 22, "text": "<p>111111111</p>", "comment_time": "2019-06-10T05:53:39.275Z", "user": 1, "root": null, "parent": null, "reply_to": null}}, {"model": "comment.comment", "pk": 60, "fields": {"content_type": 7, "object_id": 22, "text": "<p>222222222222222</p>", "comment_time": "2019-06-10T05:54:05.748Z", "user": 1, "root": null, "parent": null, "reply_to": null}}, {"model": "comment.comment", "pk": 61, "fields": {"content_type": 7, "object_id": 22, "text": "<p>ssss</p>", "comment_time": "2019-06-10T05:59:15.988Z", "user": 1, "root": null, "parent": null, "reply_to": null}}, {"model": "comment.comment", "pk": 62, "fields": {"content_type": 7, "object_id": 22, "text": "<p>111111111</p>", "comment_time": "2019-06-10T06:04:01.505Z", "user": 1, "root": null, "parent": null, "reply_to": null}}, {"model": "comment.comment", "pk": 63, "fields": {"content_type": 7, "object_id": 23, "text": "<p>111</p>", "comment_time": "2019-06-10T06:08:16.401Z", "user": 1, "root": null, "parent": null, "reply_to": null}}, {"model": "comment.comment", "pk": 64, "fields": {"content_type": 7, "object_id": 23, "text": "<p>111</p>", "comment_time": "2019-06-10T06:08:45.829Z", "user": 1, "root": null, "parent": null, "reply_to": null}}, {"model": "comment.comment", "pk": 65, "fields": {"content_type": 7, "object_id": 23, "text": "<p>wwwwwwwwwwww</p>", "comment_time": "2019-06-10T06:09:14.576Z", "user": 1, "root": null, "parent": null, "reply_to": null}}, {"model": "comment.comment", "pk": 66, "fields": {"content_type": 7, "object_id": 23, "text": "<p>1</p>", "comment_time": "2019-06-10T06:11:27.385Z", "user": 1, "root": null, "parent": null, "reply_to": null}}, {"model": "comment.comment", "pk": 67, "fields": {"content_type": 7, "object_id": 23, "text": "<p>\u5199\u7684\u771f\u597d</p>", "comment_time": "2019-06-10T06:13:19.393Z", "user": 1, "root": null, "parent": null, "reply_to": null}}, {"model": "comment.comment", "pk": 68, "fields": {"content_type": 7, "object_id": 21, "text": "<p><span style=\"background-color:#d35400\">scscscsc</span></p>", "comment_time": "2019-06-10T06:23:58.074Z", "user": 8, "root": null, "parent": null, "reply_to": null}}, {"model": "comment.comment", "pk": 69, "fields": {"content_type": 7, "object_id": 21, "text": "<p><em>12fefe</em></p>", "comment_time": "2019-06-10T06:24:58.605Z", "user": 8, "root": null, "parent": null, "reply_to": null}}, {"model": "comment.comment", "pk": 70, "fields": {"content_type": 7, "object_id": 25, "text": "<p>111111111111111</p>", "comment_time": "2019-06-10T06:28:27.129Z", "user": 8, "root": null, "parent": null, "reply_to": null}}, {"model": "comment.comment", "pk": 71, "fields": {"content_type": 7, "object_id": 25, "text": "<p>2dfwef</p>", "comment_time": "2019-06-10T06:29:13.067Z", "user": 8, "root": null, "parent": null, "reply_to": null}}, {"model": "admin.logentry", "pk": 1, "fields": {"action_time": "2019-05-16T05:48:40.403Z", "user": 1, "content_type": 8, "object_id": "1", "object_repr": "\u5c0f\u8bf4", "action_flag": 1, "change_message": "[{\"added\": {}}]"}}, {"model": "admin.logentry", "pk": 2, "fields": {"action_time": "2019-05-16T05:49:16.880Z", "user": 1, "content_type": 7, "object_id": "1", "object_repr": "\u9f99\u738b\u4f20\u8bf4", "action_flag": 1, "change_message": "[{\"added\": {}}]"}}, {"model": "admin.logentry", "pk": 3, "fields": {"action_time": "2019-06-01T11:03:14.748Z", "user": 1, "content_type": 7, "object_id": "2", "object_repr": "\u957f\u5185\u5bb9", "action_flag": 1, "change_message": "[{\"added\": {}}]"}}, {"model": "admin.logentry", "pk": 4, "fields": {"action_time": "2019-06-01T11:21:21.921Z", "user": 1, "content_type": 8, "object_id": "2", "object_repr": "\u6458\u8981", "action_flag": 1, "change_message": "[{\"added\": {}}]"}}, {"model": "admin.logentry", "pk": 5, "fields": {"action_time": "2019-06-01T11:21:49.139Z", "user": 1, "content_type": 7, "object_id": "3", "object_repr": "\u65b0type", "action_flag": 1, "change_message": "[{\"added\": {}}]"}}, {"model": "admin.logentry", "pk": 6, "fields": {"action_time": "2019-06-02T08:15:43.789Z", "user": 1, "content_type": 7, "object_id": "4", "object_repr": "1", "action_flag": 1, "change_message": "[{\"added\": {}}]"}}, {"model": "admin.logentry", "pk": 7, "fields": {"action_time": "2019-06-02T08:15:53.537Z", "user": 1, "content_type": 7, "object_id": "5", "object_repr": "3", "action_flag": 1, "change_message": "[{\"added\": {}}]"}}, {"model": "admin.logentry", "pk": 8, "fields": {"action_time": "2019-06-03T02:10:56.560Z", "user": 1, "content_type": 7, "object_id": "38", "object_repr": "for 39", "action_flag": 2, "change_message": "[{\"changed\": {\"fields\": [\"content\"]}}]"}}, {"model": "admin.logentry", "pk": 9, "fields": {"action_time": "2019-06-03T02:36:35.950Z", "user": 1, "content_type": 7, "object_id": "39", "object_repr": "markdown \u4ee3\u7801\u6d4b\u8bd5", "action_flag": 1, "change_message": "[{\"added\": {}}]"}}, {"model": "admin.logentry", "pk": 10, "fields": {"action_time": "2019-06-03T02:37:05.511Z", "user": 1, "content_type": 7, "object_id": "39", "object_repr": "markdown \u4ee3\u7801\u6d4b\u8bd5", "action_flag": 2, "change_message": "[{\"changed\": {\"fields\": [\"content\"]}}]"}}, {"model": "admin.logentry", "pk": 11, "fields": {"action_time": "2019-06-03T02:56:00.160Z", "user": 1, "content_type": 7, "object_id": "38", "object_repr": "for 39", "action_flag": 2, "change_message": "[{\"changed\": {\"fields\": [\"content\"]}}]"}}, {"model": "admin.logentry", "pk": 12, "fields": {"action_time": "2019-06-03T02:57:53.925Z", "user": 1, "content_type": 7, "object_id": "38", "object_repr": "for 39", "action_flag": 2, "change_message": "[{\"changed\": {\"fields\": [\"content\"]}}]"}}, {"model": "admin.logentry", "pk": 13, "fields": {"action_time": "2019-06-03T02:58:24.650Z", "user": 1, "content_type": 7, "object_id": "38", "object_repr": "for 39", "action_flag": 2, "change_message": "[{\"changed\": {\"fields\": [\"content\"]}}]"}}, {"model": "admin.logentry", "pk": 14, "fields": {"action_time": "2019-06-03T02:58:56.847Z", "user": 1, "content_type": 7, "object_id": "38", "object_repr": "for 39", "action_flag": 2, "change_message": "[{\"changed\": {\"fields\": [\"content\"]}}]"}}, {"model": "admin.logentry", "pk": 15, "fields": {"action_time": "2019-06-03T08:26:08.621Z", "user": 1, "content_type": 9, "object_id": "1", "object_repr": "ReadNum object (1)", "action_flag": 1, "change_message": "[{\"added\": {}}]"}}, {"model": "admin.logentry", "pk": 16, "fields": {"action_time": "2019-06-03T08:26:12.299Z", "user": 1, "content_type": 9, "object_id": "2", "object_repr": "ReadNum object (2)", "action_flag": 1, "change_message": "[{\"added\": {}}]"}}, {"model": "admin.logentry", "pk": 17, "fields": {"action_time": "2019-06-03T08:56:25.140Z", "user": 1, "content_type": 10, "object_id": "1", "object_repr": "ReadNum object (1)", "action_flag": 1, "change_message": "[{\"added\": {}}]"}}, {"model": "admin.logentry", "pk": 18, "fields": {"action_time": "2019-06-03T09:15:47.132Z", "user": 1, "content_type": 10, "object_id": "4", "object_repr": "ReadNum object (4)", "action_flag": 1, "change_message": "[{\"added\": {}}]"}}, {"model": "admin.logentry", "pk": 19, "fields": {"action_time": "2019-06-03T09:16:06.623Z", "user": 1, "content_type": 10, "object_id": "2", "object_repr": "ReadNum object (2)", "action_flag": 3, "change_message": ""}}, {"model": "admin.logentry", "pk": 20, "fields": {"action_time": "2019-06-03T09:16:17.403Z", "user": 1, "content_type": 10, "object_id": "5", "object_repr": "ReadNum object (5)", "action_flag": 1, "change_message": "[{\"added\": {}}]"}}, {"model": "admin.logentry", "pk": 21, "fields": {"action_time": "2019-06-03T09:16:26.842Z", "user": 1, "content_type": 10, "object_id": "5", "object_repr": "ReadNum object (5)", "action_flag": 2, "change_message": "[{\"changed\": {\"fields\": [\"object_id\"]}}]"}}, {"model": "admin.logentry", "pk": 22, "fields": {"action_time": "2019-06-03T09:22:09.179Z", "user": 1, "content_type": 10, "object_id": "13", "object_repr": "ReadNum object (13)", "action_flag": 1, "change_message": "[{\"added\": {}}]"}}, {"model": "admin.logentry", "pk": 23, "fields": {"action_time": "2019-06-03T09:31:58.874Z", "user": 1, "content_type": 11, "object_id": "1", "object_repr": "ReadDetail object (1)", "action_flag": 1, "change_message": "[{\"added\": {}}]"}}, {"model": "admin.logentry", "pk": 24, "fields": {"action_time": "2019-06-03T14:17:52.948Z", "user": 1, "content_type": 11, "object_id": "9", "object_repr": "ReadDetail object (9)", "action_flag": 1, "change_message": "[{\"added\": {}}]"}}, {"model": "admin.logentry", "pk": 25, "fields": {"action_time": "2019-06-09T05:52:50.766Z", "user": 1, "content_type": 12, "object_id": "17", "object_repr": "3333", "action_flag": 1, "change_message": "[{\"added\": {}}]"}}, {"model": "admin.logentry", "pk": 26, "fields": {"action_time": "2019-06-09T06:01:19.803Z", "user": 1, "content_type": 12, "object_id": "19", "object_repr": "hello", "action_flag": 1, "change_message": "[{\"added\": {}}]"}}, {"model": "admin.logentry", "pk": 27, "fields": {"action_time": "2019-06-09T07:42:43.184Z", "user": 1, "content_type": 12, "object_id": "37", "object_repr": "<p>222</p>", "action_flag": 3, "change_message": ""}}, {"model": "admin.logentry", "pk": 28, "fields": {"action_time": "2019-06-09T08:43:56.299Z", "user": 1, "content_type": 7, "object_id": "40", "object_repr": "\u756a\u8304\u7269\u8bed", "action_flag": 1, "change_message": "[{\"added\": {}}]"}}, {"model": "admin.logentry", "pk": 29, "fields": {"action_time": "2019-06-09T08:48:21.365Z", "user": 1, "content_type": 7, "object_id": "40", "object_repr": "\u756a\u8304\u7269\u8bed", "action_flag": 3, "change_message": ""}}, {"model": "admin.logentry", "pk": 30, "fields": {"action_time": "2019-06-09T12:22:50.846Z", "user": 1, "content_type": 4, "object_id": "1", "object_repr": "scb", "action_flag": 2, "change_message": "[{\"changed\": {\"fields\": [\"last_login\"]}}, {\"changed\": {\"name\": \"profile\", \"object\": \"<Profile: sssss for scb>\", \"fields\": [\"nickname\"]}}]"}}, {"model": "admin.logentry", "pk": 31, "fields": {"action_time": "2019-06-10T02:20:22.104Z", "user": 1, "content_type": 4, "object_id": "2", "object_repr": "leifang", "action_flag": 2, "change_message": "[{\"changed\": {\"fields\": [\"email\", \"last_login\"]}}]"}}, {"model": "admin.logentry", "pk": 32, "fields": {"action_time": "2019-06-10T02:20:26.998Z", "user": 1, "content_type": 4, "object_id": "5", "object_repr": "aaaa", "action_flag": 2, "change_message": "[{\"changed\": {\"fields\": [\"email\", \"last_login\"]}}]"}}, {"model": "admin.logentry", "pk": 33, "fields": {"action_time": "2019-06-10T02:20:37.187Z", "user": 1, "content_type": 4, "object_id": "4", "object_repr": "aaaaaaaaa", "action_flag": 2, "change_message": "[{\"changed\": {\"fields\": [\"username\", \"email\", \"last_login\"]}}]"}}, {"model": "admin.logentry", "pk": 34, "fields": {"action_time": "2019-06-10T02:20:42.538Z", "user": 1, "content_type": 4, "object_id": "6", "object_repr": "1605020326", "action_flag": 2, "change_message": "[{\"changed\": {\"fields\": [\"email\", \"last_login\"]}}]"}}, {"model": "admin.logentry", "pk": 35, "fields": {"action_time": "2019-06-10T02:38:36.867Z", "user": 1, "content_type": 4, "object_id": "7", "object_repr": "admin", "action_flag": 2, "change_message": "[{\"changed\": {\"fields\": [\"email\", \"last_login\"]}}]"}}]